{"count":1,"self":67.398297599999992,"total":67.7721494,"children":{"InitializeActuators":{"count":4,"self":0.0039908999999999995,"total":0.0039908999999999995,"children":null},"InitializeSensors":{"count":4,"self":0.0030123999999999997,"total":0.0030123999999999997,"children":null},"AgentSendState":{"count":7453,"self":0.087843499999999991,"total":0.1183212,"children":{"CollectObservations":{"count":2984,"self":0.0134934,"total":0.0134934,"children":null},"WriteActionMask":{"count":2984,"self":0.0049716,"total":0.0049716,"children":null},"RequestDecision":{"count":2984,"self":0.0120127,"total":0.0120127,"children":null}}},"DecideAction":{"count":7453,"self":0.099770799999999993,"total":0.099770799999999993,"children":null},"AgentAct":{"count":7453,"self":0.14775459999999999,"total":0.14775459999999999,"children":null}},"gauges":{},"metadata":{"timer_format_version":"0.1.0","start_time_seconds":"1665609694","unity_version":"2021.3.10f1","command_line_arguments":"C:\/Program Files\/Unity 2021.3.10f1\/Editor\/Unity.exe -projectpath C:\\Users\\Mamar\\Desktop\\drone-ball -useHub -hubIPC -cloudEnvironment production -licensingIpc LicenseClient-QmlveV8099IsyUpsr3Dfr -hubSessionId 302157f0-4a64-11ed-b2ee-33f429674aff -accessToken 3oidnAMef79nuT-cXwgcACr0JLQHUv7sXrXt493VDy4008f","communication_protocol_version":"1.5.0","com.unity.ml-agents_version":"2.0.0","scene_name":"2v2","end_time_seconds":"1665609762"}}