{"count":1,"self":139.9264512,"total":140.33171249999998,"children":{"InitializeActuators":{"count":4,"self":0.0020001999999999997,"total":0.0020001999999999997,"children":null},"InitializeSensors":{"count":4,"self":0.0020005,"total":0.0020005,"children":null},"AgentSendState":{"count":16797,"self":0.1139342,"total":0.1474434,"children":{"CollectObservations":{"count":6720,"self":0.0147295,"total":0.0147295,"children":null},"WriteActionMask":{"count":6720,"self":0.010063899999999999,"total":0.010063899999999999,"children":null},"RequestDecision":{"count":6720,"self":0.0087158,"total":0.0087158,"children":null}}},"DecideAction":{"count":16797,"self":0.12691919999999998,"total":0.12691919999999998,"children":null},"AgentAct":{"count":16797,"self":0.1249395,"total":0.1249395,"children":null}},"gauges":{},"metadata":{"timer_format_version":"0.1.0","start_time_seconds":"1665645675","unity_version":"2020.3.26f1","command_line_arguments":"C:\\Users\\sedob\\OneDrive\\Documents\\GitHub\\drone-ball\\RoboLeague.exe","communication_protocol_version":"1.5.0","com.unity.ml-agents_version":"2.0.0-pre.3","scene_name":"2v2","end_time_seconds":"1665645816"}}